{
    "Apple___Apple_scab": {
        "precision": 0.8378378378378378,
        "recall": 0.9789473684210527,
        "f1-score": 0.9029126213592232,
        "support": 95.0
    },
    "Apple___Black_rot": {
        "precision": 0.9680851063829787,
        "recall": 0.9680851063829787,
        "f1-score": 0.9680851063829787,
        "support": 94.0
    },
    "Apple___Cedar_apple_rust": {
        "precision": 0.9534883720930233,
        "recall": 0.9761904761904762,
        "f1-score": 0.9647058823529412,
        "support": 42.0
    },
    "Apple___healthy": {
        "precision": 0.9060150375939849,
        "recall": 0.9717741935483871,
        "f1-score": 0.9377431906614786,
        "support": 248.0
    },
    "Blueberry___healthy": {
        "precision": 0.9952380952380953,
        "recall": 0.9247787610619469,
        "f1-score": 0.9587155963302753,
        "support": 226.0
    },
    "Cherry_(including_sour)___Powdery_mildew": {
        "precision": 0.9935064935064936,
        "recall": 0.9622641509433962,
        "f1-score": 0.9776357827476039,
        "support": 159.0
    },
    "Cherry_(including_sour)___healthy": {
        "precision": 0.9769230769230769,
        "recall": 0.9844961240310077,
        "f1-score": 0.9806949806949806,
        "support": 129.0
    },
    "Corn_(maize)___Cercospora_leaf_spot Gray_leaf_spot": {
        "precision": 0.7261904761904762,
        "recall": 0.782051282051282,
        "f1-score": 0.7530864197530864,
        "support": 78.0
    },
    "Corn_(maize)___Common_rust_": {
        "precision": 0.898989898989899,
        "recall": 0.9888888888888889,
        "f1-score": 0.9417989417989419,
        "support": 180.0
    },
    "Corn_(maize)___Northern_Leaf_Blight": {
        "precision": 0.896,
        "recall": 0.7516778523489933,
        "f1-score": 0.8175182481751824,
        "support": 149.0
    },
    "Corn_(maize)___healthy": {
        "precision": 1.0,
        "recall": 0.9942857142857143,
        "f1-score": 0.9971346704871061,
        "support": 175.0
    },
    "Grape___Black_rot": {
        "precision": 0.9560439560439561,
        "recall": 0.9830508474576272,
        "f1-score": 0.9693593314763231,
        "support": 177.0
    },
    "Grape___Esca_(Black_Measles)": {
        "precision": 0.9758454106280193,
        "recall": 0.9665071770334929,
        "f1-score": 0.9711538461538461,
        "support": 209.0
    },
    "Grape___Leaf_blight_(Isariopsis_Leaf_Spot)": {
        "precision": 0.9473684210526315,
        "recall": 1.0,
        "f1-score": 0.972972972972973,
        "support": 162.0
    },
    "Grape___healthy": {
        "precision": 0.8888888888888888,
        "recall": 1.0,
        "f1-score": 0.9411764705882353,
        "support": 64.0
    },
    "Orange___Haunglongbing_(Citrus_greening)": {
        "precision": 0.9939320388349514,
        "recall": 0.9903264812575574,
        "f1-score": 0.9921259842519685,
        "support": 827.0
    },
    "Peach___Bacterial_spot": {
        "precision": 0.9880239520958084,
        "recall": 0.953757225433526,
        "f1-score": 0.9705882352941175,
        "support": 346.0
    },
    "Peach___healthy": {
        "precision": 0.828125,
        "recall": 0.9636363636363636,
        "f1-score": 0.8907563025210083,
        "support": 55.0
    },
    "Pepper,_bell___Bacterial_spot": {
        "precision": 0.8690476190476191,
        "recall": 0.9668874172185431,
        "f1-score": 0.9153605015673981,
        "support": 151.0
    },
    "Pepper,_bell___healthy": {
        "precision": 0.9464285714285714,
        "recall": 0.9506726457399103,
        "f1-score": 0.9485458612975392,
        "support": 223.0
    },
    "Potato___Early_blight": {
        "precision": 0.8928571428571429,
        "recall": 1.0,
        "f1-score": 0.9433962264150945,
        "support": 150.0
    },
    "Potato___Late_blight": {
        "precision": 0.8866666666666667,
        "recall": 0.8866666666666667,
        "f1-score": 0.8866666666666667,
        "support": 150.0
    },
    "Potato___healthy": {
        "precision": 0.7241379310344828,
        "recall": 0.875,
        "f1-score": 0.7924528301886793,
        "support": 24.0
    },
    "Raspberry___healthy": {
        "precision": 0.9047619047619048,
        "recall": 1.0,
        "f1-score": 0.9500000000000001,
        "support": 57.0
    },
    "Soybean___healthy": {
        "precision": 0.9728682170542635,
        "recall": 0.9856020942408377,
        "f1-score": 0.9791937581274383,
        "support": 764.0
    },
    "Squash___Powdery_mildew": {
        "precision": 1.0,
        "recall": 0.9420289855072463,
        "f1-score": 0.9701492537313433,
        "support": 276.0
    },
    "Strawberry___Leaf_scorch": {
        "precision": 1.0,
        "recall": 0.9760479041916168,
        "f1-score": 0.9878787878787879,
        "support": 167.0
    },
    "Strawberry___healthy": {
        "precision": 0.9577464788732394,
        "recall": 0.9855072463768116,
        "f1-score": 0.9714285714285714,
        "support": 69.0
    },
    "Tomato___Bacterial_spot": {
        "precision": 0.8905109489051095,
        "recall": 0.7625,
        "f1-score": 0.8215488215488216,
        "support": 320.0
    },
    "Tomato___Early_blight": {
        "precision": 0.7889908256880734,
        "recall": 0.5733333333333334,
        "f1-score": 0.6640926640926641,
        "support": 150.0
    },
    "Tomato___Late_blight": {
        "precision": 0.92,
        "recall": 0.7212543554006968,
        "f1-score": 0.80859375,
        "support": 287.0
    },
    "Tomato___Leaf_Mold": {
        "precision": 0.8602941176470589,
        "recall": 0.8125,
        "f1-score": 0.8357142857142856,
        "support": 144.0
    },
    "Tomato___Septoria_leaf_spot": {
        "precision": 0.7427652733118971,
        "recall": 0.8651685393258427,
        "f1-score": 0.7993079584775086,
        "support": 267.0
    },
    "Tomato___Spider_mites Two-spotted_spider_mite": {
        "precision": 0.9244444444444444,
        "recall": 0.8253968253968254,
        "f1-score": 0.8721174004192871,
        "support": 252.0
    },
    "Tomato___Target_Spot": {
        "precision": 0.6079136690647482,
        "recall": 0.7971698113207547,
        "f1-score": 0.689795918367347,
        "support": 212.0
    },
    "Tomato___Tomato_Yellow_Leaf_Curl_Virus": {
        "precision": 0.9986824769433466,
        "recall": 0.9416149068322981,
        "f1-score": 0.9693094629156009,
        "support": 805.0
    },
    "Tomato___Tomato_mosaic_virus": {
        "precision": 0.7647058823529411,
        "recall": 0.9122807017543859,
        "f1-score": 0.8319999999999999,
        "support": 57.0
    },
    "Tomato___healthy": {
        "precision": 0.8049645390070922,
        "recall": 0.9458333333333333,
        "f1-score": 0.8697318007662834,
        "support": 240.0
    },
    "accuracy": 0.9224938875305624,
    "macro avg": {
        "precision": 0.8996918097733874,
        "recall": 0.9175311257792577,
        "f1-score": 0.9056697132527787,
        "support": 8180.0
    },
    "weighted avg": {
        "precision": 0.9274762613789626,
        "recall": 0.9224938875305624,
        "f1-score": 0.9225978662779131,
        "support": 8180.0
    }
}