Model,Test Accuracy,Test Loss,Precision (Macro),Recall (Macro),F1-Score (Macro),F1-Score (Weighted)
CUSTOM_CNN,0.11063569784164429,1557.0831298828125,0.19722841459125387,0.11481320778859697,0.06268917517905331,0.054585953507239125
RESNET50,0.18117359280586243,3.8082070350646973,0.17989248180364503,0.13244162800725415,0.09352613697304406,0.15141859609325375
MOBILENETV2,0.9224938750267029,0.22491934895515442,0.8996918097733874,0.9175311257792577,0.9056697132527787,0.9225978662779131
