{"loss": [50.508426666259766, 60.21925735473633, 69.29841613769531, 78.06439208984375, 48.6512451171875, 42.61403274536133, 42.89348602294922, 43.510047912597656, 44.53110122680664, 44.741859436035156, 45.8061637878418, 33.55818176269531, 28.257905960083008, 28.369144439697266, 27.050561904907227, 27.861112594604492, 26.63613510131836, 27.123743057250977, 21.138608932495117, 19.03666877746582], "accuracy": [0.37773391604423523, 0.5180944800376892, 0.6055006980895996, 0.6706935167312622, 0.7662060856819153, 0.783866286277771, 0.7924990057945251, 0.8027371764183044, 0.8128437995910645, 0.8230556845664978, 0.8319515585899353, 0.8640084266662598, 0.8777470588684082, 0.8781155347824097, 0.8806685209274292, 0.8803526759147644, 0.8853006958961487, 0.8865377306938171, 0.9043295383453369, 0.9113041162490845], "val_loss": [50.628761291503906, 117.17594909667969, 60.86777114868164, 122.07807159423828, 104.67256164550781, 50.463932037353516, 38.642295837402344, 31.07167625427246, 33.55925750732422, 242.45643615722656, 56.124542236328125, 44.90655517578125, 26.819110870361328, 35.202880859375, 23.373432159423828, 34.66663360595703, 68.41107177734375, 52.32477951049805, 19.078676223754883, 25.093185424804688], "val_accuracy": [0.5049821734428406, 0.40644606947898865, 0.6805264949798584, 0.6663796305656433, 0.6769590377807617, 0.7934555411338806, 0.8128921389579773, 0.8459835052490234, 0.8671423196792603, 0.5883872509002686, 0.8312215805053711, 0.8612375259399414, 0.8891622424125671, 0.8529954552650452, 0.9066305756568909, 0.8753844499588013, 0.8191659450531006, 0.8409398198127747, 0.9183171391487122, 0.8843646049499512], "lr": [0.0010000000474974513, 0.0010000000474974513, 0.0010000000474974513, 0.0010000000474974513, 0.0005000000237487257, 0.0005000000237487257, 0.0005000000237487257, 0.0005000000237487257, 0.0005000000237487257, 0.0005000000237487257, 0.0005000000237487257, 0.0002500000118743628, 0.0002500000118743628, 0.0002500000118743628, 0.0002500000118743628, 0.0002500000118743628, 0.0002500000118743628, 0.0002500000118743628, 0.0001250000059371814, 0.0001250000059371814]}