{"loss": [0.9765745401382446, 0.7105889916419983, 0.7373014688491821, 0.7798377275466919, 0.5112409591674805, 0.4790886342525482, 0.4668492078781128, 0.48048272728919983, 0.3663817048072815, 0.32882872223854065], "accuracy": [0.7523095011711121, 0.8359783887863159, 0.8501118421554565, 0.8569022417068481, 0.8929595947265625, 0.8963810801506042, 0.8990656733512878, 0.897275984287262, 0.9145150780677795, 0.9198315739631653], "val_loss": [0.3785572648048401, 0.3921482563018799, 0.40045595169067383, 0.40286776423454285, 0.28954580426216125, 0.34626737236976624, 0.40469494462013245, 0.30885037779808044, 0.31989797949790955, 0.2896471321582794], "val_accuracy": [0.8868249654769897, 0.9008488059043884, 0.9042932987213135, 0.911797285079956, 0.929019570350647, 0.9173330068588257, 0.9073686599731445, 0.921638548374176, 0.9199163317680359, 0.9255750775337219], "lr": [0.0010000000474974513, 0.0010000000474974513, 0.0010000000474974513, 0.0010000000474974513, 0.0005000000237487257, 0.0005000000237487257, 0.0005000000237487257, 0.0005000000237487257, 0.0002500000118743628, 0.0002500000118743628]}