{"loss": [3.373551845550537, 3.1395840644836426, 2.9739670753479004, 2.8799359798431396, 2.800577402114868, 2.7616186141967773, 2.7247679233551025, 2.7042176723480225, 2.6987643241882324, 2.6615757942199707, 2.6482319831848145, 2.654615640640259, 2.610816717147827, 2.603550910949707, 2.5763165950775146, 2.573824167251587, 2.5573179721832275, 2.5501368045806885, 2.4222452640533447, 2.4111995697021484], "accuracy": [0.13401763141155243, 0.19089354574680328, 0.22429266571998596, 0.24218976497650146, 0.2578234076499939, 0.2649822235107422, 0.27395710349082947, 0.275562584400177, 0.2819318473339081, 0.28664296865463257, 0.2880905270576477, 0.2931175231933594, 0.295960009098053, 0.2985919117927551, 0.3051190972328186, 0.30451375246047974, 0.308435320854187, 0.3085669279098511, 0.33378076553344727, 0.3365705907344818], "val_loss": [3.0738027095794678, 2.8509304523468018, 2.7134475708007812, 2.649681329727173, 2.6792519092559814, 2.7752881050109863, 2.524876832962036, 2.601771116256714, 2.482611894607544, 2.7345199584960938, 2.5971155166625977, 2.3964219093322754, 2.4276421070098877, 2.5031585693359375, 2.3200199604034424, 2.427452325820923, 2.502450942993164, 2.410953998565674, 2.3898823261260986, 2.4636645317077637], "val_accuracy": [0.18821503221988678, 0.24541763961315155, 0.26645344495773315, 0.26485422253608704, 0.2825685739517212, 0.25476688146591187, 0.31590601801872253, 0.3034813702106476, 0.3193504810333252, 0.2695288360118866, 0.31073933839797974, 0.3600688874721527, 0.3247631788253784, 0.319719523191452, 0.3600688874721527, 0.34235453605651855, 0.3219338059425354, 0.34493789076805115, 0.3416164219379425, 0.33066797256469727], "lr": [0.0010000000474974513, 0.0010000000474974513, 0.0010000000474974513, 0.0010000000474974513, 0.0010000000474974513, 0.0010000000474974513, 0.0010000000474974513, 0.0010000000474974513, 0.0010000000474974513, 0.0010000000474974513, 0.0010000000474974513, 0.0010000000474974513, 0.0010000000474974513, 0.0010000000474974513, 0.0010000000474974513, 0.0010000000474974513, 0.0010000000474974513, 0.0010000000474974513, 0.0005000000237487257, 0.0005000000237487257]}